{"schemaVersion":"1.0","appDefinitionTemplate":{"id":"/providers/Microsoft.PowerApps/apps/","type":"Microsoft.PowerApps/apps","tags":{"primaryDeviceWidth":"1366","primaryDeviceHeight":"768","supportsPortrait":"true","supportsLandscape":"true","primaryFormFactor":"Tablet","showStatusBar":"false","publisherVersion":"3.24081.8","minimumRequiredApiVersion":"2.2.0","hasComponent":"false","hasUnlockedComponent":"false","isUnifiedRootApp":"false","sienaVersion":"20240813T180802Z-3.24081.8.0"},"properties":{"appVersion":"2024-08-13T18:08:02Z","lifeCycleId":"Published","createdByClientVersion":{"major":3,"minor":24081,"build":8,"revision":0,"majorRevision":0,"minorRevision":0},"minClientVersion":{"major":3,"minor":24081,"build":8,"revision":0,"majorRevision":0,"minorRevision":0},"backgroundColor":"RGBA(0,176,240,1)","backgroundImageUri":"/5030010695202554368/Ne5baf0ea-dbbb-4713-8a64-ee0b087173a5-logoSmallFile","displayName":"Employee Management System_Restored202408200511","description":"This application contains the Employee details","commitMessage":"","appUris":{"documentUri":{"value":"/5030010695202554368/Na05d7340-49e1-430c-b76f-d355e139a505-document.msapp"},"imageUris":[],"additionalUris":[{"isSolutionAware":false,"value":"/5030010695202554368/N56b1780c-146d-46a2-83fc-7705a0730ee8-identity.json"}]},"createdTime":"0001-01-01T00:00:00Z","lastModifiedTime":"0001-01-01T00:00:00Z","sharedGroupsCount":0,"sharedUsersCount":0,"connectionReferences":{"660aadd8-6965-493e-b58c-70dfb6de61bc":{"id":"0e0aff9a-e1d7-4ff0-860f-c3bca1a73c50","displayName":"SharePoint","iconUri":"https://connectoricons-prod.azureedge.net/u/jayawan/releases/v1.0.1697/1.0.1697.3786/sharepointonline/icon.png","dataSources":["Employee Management"],"dependencies":[],"dependents":[],"parameterHints":{},"parameterHintsV2":{},"isOnPremiseConnection":false,"bypassConsent":false,"dataSets":{"https://sivaramarajukonduru.sharepoint.com/sites/Nagamani":{"dataSources":{"Employee Management":{"tableName":"afacfc59-4f52-403f-a8d0-15b5918d171d"}}}},"apiTier":"Standard","isCustomApiConnection":false,"actions":["providers/PowerPlatform.Governance/Operations/Read","providers/PowerPlatform.Governance/Operations/Write","providers/PowerPlatform.Governance/Operations/Delete"]}},"databaseReferences":{},"almMode":"Environment","performanceOptimizationEnabled":true,"canConsumeAppPass":true,"enableModernRuntimeMode":false,"executionRestrictions":{"isTeamsOnly":false,"dataLossPreventionEvaluationResult":{"status":"Compliant","lastEvaluationDate":"2024-07-23T18:35:21.7003462Z","violations":[],"violationsByPolicy":[],"violationErrorMessage":"The app uses the following connectors: shared_sharepointonline."}}},"appType":"ClassicCanvasApp","appComponents":[]}}